Run ID,A0_ID_flood_wave_shape,A1_Bmax,A1_Brate,A1_pfail,A2_Bmax,A2_Brate,A2_pfail,A3_Bmax,A3_Brate,A3_pfail,A4_Bmax,A4_Brate,A4_pfail,A5_Bmax,A5_Brate,A5_pfail,discount_rate_0,discount_rate_1,discount_rate_2
81588,10,169.38629151713735,1.0,0.5118765232980067,56.38041615846749,1.0,0.3886733731250033,166.52964956380958,1.5,0.614779246358361,208.4955089907604,10.0,0.5278632069428912,123.92275653503316,10.0,0.5526233049896606,2.5,3.5,2.5
65779,101,32.415085441688724,1.0,0.1347567150017804,145.71288114484994,1.5,0.6283122969961086,186.6064804766279,10.0,0.6105408495862283,69.73658618086358,10.0,0.127814587355236,206.45141478935423,1.0,0.715697919978187,3.5,1.5,3.5
8250,122,58.88520699133414,1.0,0.0928543926722455,65.84295554019079,1.0,0.0326117752554087,203.67601174902603,1.0,0.5581056076608721,93.54658698011296,1.0,0.3659873424038018,89.01519619737712,1.5,0.3035209522460467,1.5,1.5,1.5
18777,68,128.13016258241518,10.0,0.7912073107954846,339.4256057758065,10.0,0.8493939900124903,31.30868891431428,10.0,0.9682314477483692,164.7745070772527,10.0,0.109500829876951,307.9696997939025,10.0,0.5836699797937466,2.5,1.5,1.5
