Run ID,A0_ID_flood_wave_shape,A1_Bmax,A1_Brate,A1_pfail,A2_Bmax,A2_Brate,A2_pfail,A3_Bmax,A3_Brate,A3_pfail,A4_Bmax,A4_Brate,A4_pfail,A5_Bmax,A5_Brate,A5_pfail,discount_rate_0,discount_rate_1,discount_rate_2
97010,123,67.74586453323413,10.0,0.1826885887936509,279.5341117252267,10.0,0.6899696061522822,47.74502844763306,1.5,0.0761633344434397,56.57498967725698,1.5,0.322450427193313,116.5302078745185,1.5,0.8766010341097071,4.5,1.5,1.5
60187,128,278.64194021175217,1.0,0.8938947762552746,243.6238217574105,10.0,0.7474348088940321,287.0031368685635,1.5,0.5947498367140138,237.6093891692601,1.0,0.8605431335946799,97.7124463749944,1.0,0.5361158711520436,1.5,1.5,3.5
67375,60,48.96213851260291,1.5,0.0665515984348321,299.15741081171643,10.0,0.8734729228138531,37.724188301343936,10.0,0.4139071482672843,177.71002978659223,1.5,0.1131526786238309,299.9447526719756,1.0,0.775374597171706,2.5,2.5,1.5
18777,68,128.13016258241518,10.0,0.7912073107954846,339.4256057758065,10.0,0.8493939900124903,31.30868891431428,10.0,0.9682314477483692,164.7745070772527,10.0,0.109500829876951,307.9696997939025,10.0,0.5836699797937466,2.5,1.5,1.5
