Run ID,A0_ID_flood_wave_shape,A1_Bmax,A1_Brate,A1_pfail,A2_Bmax,A2_Brate,A2_pfail,A3_Bmax,A3_Brate,A3_pfail,A4_Bmax,A4_Brate,A4_pfail,A5_Bmax,A5_Brate,A5_pfail,discount_rate_0,discount_rate_1,discount_rate_2
54840,20,105.31920067125624,10.0,0.3727637096324118,290.5496299601845,1.0,0.1420592790310564,144.74110500179364,1.0,0.7130413176127569,184.2970979022523,10.0,0.0291097777361736,83.39005201885121,10.0,0.3207589473953312,1.5,1.5,2.5
91325,74,241.01467424145184,1.0,0.427785858840716,141.51895122224454,1.5,0.1353870361166584,33.71285015444917,1.0,0.5195169565394956,251.1423031453134,1.0,0.0107080698002058,50.6444398618028,1.5,0.9408069381423048,2.5,1.5,4.5
74784,129,133.55028137552551,1.5,0.9335265913858916,252.8033322968416,10.0,0.5474531655932439,32.55436500344916,1.0,0.7117475657917959,271.78323518567106,10.0,0.0906345127256017,207.5543537296176,1.0,0.5969764447674898,2.5,4.5,1.5
71789,98,245.492588609016,1.5,0.730879402268171,103.700541313543,1.5,0.81114410196984,212.6668047705982,1.5,0.9666176442193446,51.327440569991865,10.0,0.0448722516675437,285.4280603822057,1.0,0.9126695934287196,1.5,1.5,1.5
